id,titulo,score,data_publicacao,link,snippet
1,"Resolução nº 507, de 16 de março de 2016",31.0,04/04/2025,https://www.gov.br/conselho-nacional-de-saude/pt-br/acesso-a-informacao/atos-normativos/resolucoes/2016/resolucao-no-507.pdf/view,"...saúde, valorizando a promoção da saúde, a prevenção de doenças e o diagnóstico precoce, particularmente, no que se referem à saúde mental, doenças raras e negligenciadas (como a doença cel..."
2,"Resolução nº 617, de 23 de agosto de 2019",26.0,04/04/2025,https://www.gov.br/conselho-nacional-de-saude/pt-br/acesso-a-informacao/atos-normativos/resolucoes/2019/resolucao-no-617.pdf/view,"... 14) Reafirmar, implantar e garantir o cumprimento das Políticas Públicas de Saúde direcionadas à população do Campo, Floresta e Água, LGBTI+, Indígenas, Quilombolas, Pessoas com Doenças Rara..."
3,"Resolução nº 563, de 10 de novembro de 2017",24.0,04/04/2025,https://www.gov.br/conselho-nacional-de-saude/pt-br/acesso-a-informacao/atos-normativos/resolucoes/2017/resolucao-no-563.pdf/view,"...mental pode curar, retardar a progressão da doença e atenuar os efeitos da doença ultrarrara, sobretudo em crianças, e que esta tem sido uma reinvindicação dos pacientes com doenças ultrarraras..."
4,"Resolução nº 719, de 17 de agosto de 2023",24.0,25/08/2023,https://www.gov.br/conselho-nacional-de-saude/pt-br/acesso-a-informacao/atos-normativos/resolucoes/2023/resolucao-no-719.pdf/view,"...a Saúde / Conselho Nacional de Saúde 4/203 negras, idosas, mulheres, homens, adolescentes, crianças, LGBTQIA+, com deficiência, pessoas com doenças crônicas, com patologias e doenças raras, com..."
5,"Resolução nº 772, de 13 de fevereiro de 2025",16.0,04/04/2025,https://www.gov.br/conselho-nacional-de-saude/pt-br/acesso-a-informacao/atos-normativos/resolucoes/2025/resolucao-no-772-de-13-de-fevereiro-de-2025/view,"...om Condições Crônicas Não Transmissíveis, conforme a resolução aprovada na 77a Assembleia Mundial da Saúde, em 2024 (Social Participation For Universal Health Coverage, Health and Well-being),..."
6,"Resolução nº 715, de 20 de julho de 2023",12.0,24/07/2023,https://www.gov.br/conselho-nacional-de-saude/pt-br/acesso-a-informacao/atos-normativos/resolucoes/2023/resolucao-no-715.pdf/view,"...nanciamento adequado à população negra, às mulheres, homens, LGBTIA+, à pessoa idosa, adolescentes, crianças, pessoas com deficiência, com patologias, doenças crônicas, doenças raras, comuni..."
7,"Resolução nº 744, de 14 de março de 2024",11.0,04/04/2025,https://www.gov.br/conselho-nacional-de-saude/pt-br/acesso-a-informacao/atos-normativos/resolucoes/2024/resolucao-no-744-de-14-de-marco-de-2024/view,"...as com deficiência, estimulando, especialmente, a diversidade dessa população, como pessoas com deficiência psicossocial e intelectual; e VI - Pessoas com patologias, doenças raras ou negligencia..."
8,"Resolução nº 671, de 05 de abril de 2022",11.0,06/04/2022,https://www.gov.br/conselho-nacional-de-saude/pt-br/acesso-a-informacao/atos-normativos/resolucoes/2022/resolucao-no-671.pdf/view,"...pessoas com deficiência e à saúde bucal. VI - Garantia da atenção integral à saúde da mulher, do homem, da pessoa com deficiência, da pessoa idosa e das pessoas com doenças crônicas, raras e..."
9,"Resolução nº 680, de 5 de agosto de 2022",10.0,05/08/2022,https://www.gov.br/conselho-nacional-de-saude/pt-br/acesso-a-informacao/atos-normativos/resolucoes/2022/resolucao-no-680.pdf/view,"...tados; V - Pessoas com deficiência, estimulando, especialmente, a diversidade dessa população, como pessoas com deficiência psicossocial e intelectual; e VI - Pessoas com patologias, doenças rara..."
10,"Resolução nº 732, de 01 de fevereiro de 2024",10.0,05/02/2024,https://www.gov.br/conselho-nacional-de-saude/pt-br/acesso-a-informacao/atos-normativos/resolucoes/2024/resolucao-no-732.pdf/view,"...das; V - Pessoas com deficiência, estimulando, especialmente, a diversidade dessa população, como pessoas com deficiência psicossocial e intelectual; e VI - Pessoas com patologias, doenças raras ..."
11,"Resolução nº 655, de 13 de abril de 2021",8.0,14/04/2021,https://www.gov.br/conselho-nacional-de-saude/pt-br/acesso-a-informacao/atos-normativos/resolucoes/2021/resolucao-no-655.pdf/view,"...deficiência e à saúde bucal. VI - Garantia da atenção integral à saúde da mulher, do homem, da pessoa com deficiência, da pessoa idosa e das pessoas com doenças crônicas, raras e negligencia..."
12,"Resolução nº 687, de 14 de setembro de 2022",7.0,06/10/2022,https://www.gov.br/conselho-nacional-de-saude/pt-br/acesso-a-informacao/atos-normativos/resolucoes/2022/resolucao-no-687.pdf/view,"...ociação Brasileira de Linfoma e Leucemia (ABRALE); h) Associação Brasileira de Nutrição (ASBRAN); i) Associação Brasileira Superando o Lúpus, Doenças Reumáticas e Doenças Raras (SUPERANDO)..."
13,"Resolução nº 579, de 22 de fevereiro de 2018",6.0,04/04/2025,https://www.gov.br/conselho-nacional-de-saude/pt-br/acesso-a-informacao/atos-normativos/resolucoes/2018/resolucao-no-579.pdf/view,"...ão às pessoas com deficiência e à saúde bucal; VI - garantia da atenção integral à saúde da pessoa com deficiência, da pessoa idosa e das pessoas com doenças crônicas, raras e negligenciad..."
14,"Resolução nº 640, de 14 de fevereiro de 2020",6.0,17/02/2020,https://www.gov.br/conselho-nacional-de-saude/pt-br/acesso-a-informacao/atos-normativos/resolucoes/2020/resolucao-no-640.pdf/view,"...̀s pessoas com deficiência e à saúde bucal; VI - garantia da atenção integral à saúde da mulher, do homem, da pessoa com deficiência, da pessoa idosa e das pessoas com doenças crônicas, rara..."
15,"Resolução nº 623, de 11 de outubro de 2019",6.0,04/04/2025,https://www.gov.br/conselho-nacional-de-saude/pt-br/acesso-a-informacao/atos-normativos/resolucoes/2019/resolucao-no-623.pdf/view,"...leira Superando o Lúpus, Doenças Reumáticas e Raras (SUPERANDO LÚPUS) - Usuário; n) Aliança Nacional LGBTI+ - Usuário; o) Federação Nacional de Associações de Pessoas com Doença Falciforme..."
16,"Resolução nº 594, de 9 de agosto de 2018",5.0,04/04/2025,https://www.gov.br/conselho-nacional-de-saude/pt-br/acesso-a-informacao/atos-normativos/resolucoes/2018/resolucao-no-594.pdf/view,"..., especialmente, a participação de entidades, coletivos e movimentos de jovens e de idosos e aposentados; V – Pessoas com deficiência e com necessidades especiais, patologias e doenças raras ou ne..."
17,"Resolução nº 509, de 07 de abril de 2016",4.0,04/04/2025,https://www.gov.br/conselho-nacional-de-saude/pt-br/acesso-a-informacao/atos-normativos/resolucoes/2016/resolucao-no-509.pdf/view,"...às pessoas com deficiência e à saúde bucal; § 6o. garantia da atenção integral à saúde da pessoa com deficiência, da pessoa idosa e das pessoas com doenças crônicas, raras e negligenciadas,..."
18,"Resolução nº 500, de 12 de fevereiro de 2015",4.0,04/04/2025,https://www.gov.br/conselho-nacional-de-saude/pt-br/acesso-a-informacao/atos-normativos/resolucoes/2015/resolucao-no-500.pdf/view,"...do, especialmente, a participação de entidades, coletivos e movimentos de jovens e de idosos e aposentados; e V - pessoas com deficiência e com necessidades especiais, patologias e doenças raras o..."
19,"Resolução nº 686, de 14 de setembro de 2022",4.0,06/10/2022,https://www.gov.br/conselho-nacional-de-saude/pt-br/acesso-a-informacao/atos-normativos/resolucoes/2022/resolucao-no-686.pdf/view,"...rticulação Brasileira de Lésbicas (ABL); e) Associação Brasileira de Ensino em Fisioterapia (ABENFISIO); f) Associação Brasileira Superando o Lúpus, Doenças Reumáticas e Doenças Raras (SUPE..."
20,"Resolução nº 614, de 15 de fevereiro de 2019",4.0,04/04/2025,https://www.gov.br/conselho-nacional-de-saude/pt-br/acesso-a-informacao/atos-normativos/resolucoes/2019/resolucao-no-614.pdf/view,"...soas com deficiência e à saúde bucal; VI - garantia da atenção integral à saúde da mulher, do homem, da pessoa com deficiência, da pessoa idosa e das pessoas com doenças crônicas, raras e ne..."
21,"Resolução no 541, de 17 de fevereiro de 2017",4.0,04/04/2025,https://www.gov.br/conselho-nacional-de-saude/pt-br/acesso-a-informacao/atos-normativos/resolucoes/2017/resolucao-no-541.pdf/view,"...ção às pessoas com deficiência e à saúde bucal; VI - garantia da atenção integral à saúde da pessoa com deficiência, da pessoa idosa e das pessoas com doenças crônicas, raras e negligenci..."
22,"Resolução nº 636, de 11 de outubro de 2019",3.0,04/04/2025,https://www.gov.br/conselho-nacional-de-saude/pt-br/acesso-a-informacao/atos-normativos/resolucoes/2019/resolucao-no-636.pdf/view,"...or/Profissional de Saúde; f) Associação de Fisioterapeutas do Brasil (AFB) - Trabalhador/Profissional de Saúde; g) Associação Brasileira Superando o Lúpus, Doenças Reumáticas e Raras (SUPERAN..."
23,"Resolução nº 698, de 14 de setembro de 2022",3.0,06/10/2022,https://www.gov.br/conselho-nacional-de-saude/pt-br/acesso-a-informacao/atos-normativos/resolucoes/2022/resolucao-no-698.pdf/view,"...União Geral dos Trabalhadores (UGT). II - Suplentes: a) Agência Nacional de Vigilância Sanitária (ANVISA); b) Associação Brasileira Superando o Lúpus, Doenças Reumáticas e Doenças Raras (SUP..."
24,"Resolução nº 501, de 7 de maio de 2015",3.0,04/04/2025,https://www.gov.br/conselho-nacional-de-saude/pt-br/acesso-a-informacao/atos-normativos/resolucoes/2015/resolucao-no-501.pdf/view,"...banas; d) de entidades, coletivos e movimentos de jovens e de idosos e aposentados; e e) de grupos, associações e movimentos de pessoas com deficiências, patologias e doenças raras ou negligenciad..."
25,"Resolução nº 688, de 14 de setembro de 2022",3.0,06/10/2022,https://www.gov.br/conselho-nacional-de-saude/pt-br/acesso-a-informacao/atos-normativos/resolucoes/2022/resolucao-no-688.pdf/view,"...iação Amigos Múltiplos pela Esclerose (AME); e) Associação Brasileira de Saúde Coletiva (ABRASCO); f) Associação Brasileira Superando o Lúpus, Doenças Reumáticas e Doenças Raras (SUPERANDO..."
26,"Resolução nº 613, de 13 de dezembro de 2018",3.0,04/04/2025,https://www.gov.br/conselho-nacional-de-saude/pt-br/acesso-a-informacao/atos-normativos/resolucoes/2018/resolucao-no-613.pdf/view,"...ecialmente, a participação de entidades, coletivos e movimentos de jovens e de idosos e aposentados; e e) Pessoas com deficiência e com necessidades especiais, patologias e doenças raras ou neglig..."
27,"Resolução no 547, de 09 de junho 2017",3.0,04/04/2025,https://www.gov.br/conselho-nacional-de-saude/pt-br/acesso-a-informacao/atos-normativos/resolucoes/2017/resolucao-no-547.pdf/view,"...erias urbanas; IV – de entidades, coletivos e movimentos de jovens e de idosos e aposentados; e V – de grupos, associações e movimentos de pessoas com deficiência, patologias e doenças raras ou ne..."
28,"Resolução nº 625, de 11 de outubro de 2019",2.0,04/04/2025,https://www.gov.br/conselho-nacional-de-saude/pt-br/acesso-a-informacao/atos-normativos/resolucoes/2019/resolucao-no-625.pdf/view,"...̧ão Nacional de Luta Contra a AIDS (ANAIDS) - Usuário; k) Central Única dos Trabalhadores (CUT) - Usuário; l) Associação Brasileira Superando o Lúpus, Doenças Reumáticas e Raras (SUPERANDO LU..."
29,"Resolução nº 716, de 20 de julho de 2023",2.0,24/07/2023,https://www.gov.br/conselho-nacional-de-saude/pt-br/acesso-a-informacao/atos-normativos/resolucoes/2023/resolucao-no-716.pdf/view,"...nal de Saúde: a) Fernanda Lou Sans Magano - Federação Nacional dos Psicólogos (FENAPSI); e b) Ana Lúcia Marçal Paduello - Associação Brasileira Superando o Lúpus, Doenças Reumáticas e Raras..."
